<annotation>
	<folder>gunaydin</folder>
	<filename>gunaydin.2e96be66-0705-11ef-beef-46b8fb72e16c.jpg</filename>
	<path>/Users/iremoztimur/Projects/SignLanguageDetection/collectedimages/gunaydin/gunaydin.2e96be66-0705-11ef-beef-46b8fb72e16c.jpg</path>
	<source>
		<database>Unknown</database>
	</source>
	<size>
		<width>1920</width>
		<height>1080</height>
		<depth>3</depth>
	</size>
	<segmented>0</segmented>
	<object>
		<name>gunaydin</name>
		<pose>Unspecified</pose>
		<truncated>0</truncated>
		<difficult>0</difficult>
		<bndbox>
			<xmin>1150</xmin>
			<ymin>747</ymin>
			<xmax>1308</xmax>
			<ymax>1036</ymax>
		</bndbox>
	</object>
</annotation>
