<annotation>
	<folder>gunaydin</folder>
	<filename>gunaydin.3489eba4-0705-11ef-beef-46b8fb72e16c.jpg</filename>
	<path>/Users/iremoztimur/Projects/SignLanguageDetection/collectedimages/gunaydin/gunaydin.3489eba4-0705-11ef-beef-46b8fb72e16c.jpg</path>
	<source>
		<database>Unknown</database>
	</source>
	<size>
		<width>1920</width>
		<height>1080</height>
		<depth>3</depth>
	</size>
	<segmented>0</segmented>
	<object>
		<name>gunaydin</name>
		<pose>Unspecified</pose>
		<truncated>0</truncated>
		<difficult>0</difficult>
		<bndbox>
			<xmin>1316</xmin>
			<ymin>455</ymin>
			<xmax>1500</xmax>
			<ymax>803</ymax>
		</bndbox>
	</object>
</annotation>
