<annotation>
	<folder>lutfen</folder>
	<filename>lutfen.b8f3af2e-0705-11ef-beef-46b8fb72e16c.jpg</filename>
	<path>/Users/iremoztimur/Projects/SignLanguageDetection/collectedimages/lutfen/lutfen.b8f3af2e-0705-11ef-beef-46b8fb72e16c.jpg</path>
	<source>
		<database>Unknown</database>
	</source>
	<size>
		<width>1920</width>
		<height>1080</height>
		<depth>3</depth>
	</size>
	<segmented>0</segmented>
	<object>
		<name>lutfen</name>
		<pose>Unspecified</pose>
		<truncated>1</truncated>
		<difficult>0</difficult>
		<bndbox>
			<xmin>648</xmin>
			<ymin>822</ymin>
			<xmax>1000</xmax>
			<ymax>1080</ymax>
		</bndbox>
	</object>
</annotation>
