<annotation>
	<folder>lutfen</folder>
	<filename>lutfen.c6a07bca-0705-11ef-beef-46b8fb72e16c.jpg</filename>
	<path>/Users/iremoztimur/Projects/SignLanguageDetection/collectedimages/lutfen/lutfen.c6a07bca-0705-11ef-beef-46b8fb72e16c.jpg</path>
	<source>
		<database>Unknown</database>
	</source>
	<size>
		<width>1920</width>
		<height>1080</height>
		<depth>3</depth>
	</size>
	<segmented>0</segmented>
	<object>
		<name>lutfen</name>
		<pose>Unspecified</pose>
		<truncated>0</truncated>
		<difficult>0</difficult>
		<bndbox>
			<xmin>548</xmin>
			<ymin>738</ymin>
			<xmax>1004</xmax>
			<ymax>1034</ymax>
		</bndbox>
	</object>
</annotation>
