<annotation>
	<folder>lutfen</folder>
	<filename>lutfen.e9104550-0705-11ef-beef-46b8fb72e16c.jpg</filename>
	<path>/Users/iremoztimur/Projects/SignLanguageDetection/collectedimages/lutfen/lutfen.e9104550-0705-11ef-beef-46b8fb72e16c.jpg</path>
	<source>
		<database>Unknown</database>
	</source>
	<size>
		<width>1920</width>
		<height>1080</height>
		<depth>3</depth>
	</size>
	<segmented>0</segmented>
	<object>
		<name>lutfen</name>
		<pose>Unspecified</pose>
		<truncated>0</truncated>
		<difficult>0</difficult>
		<bndbox>
			<xmin>927</xmin>
			<ymin>603</ymin>
			<xmax>1300</xmax>
			<ymax>934</ymax>
		</bndbox>
	</object>
</annotation>
