<annotation>
	<folder>merhaba</folder>
	<filename>merhaba.7010e11a-0704-11ef-8e2a-46b8fb72e16c.jpg</filename>
	<path>/Users/iremoztimur/Projects/SignLanguageDetection/collectedimages/merhaba/merhaba.7010e11a-0704-11ef-8e2a-46b8fb72e16c.jpg</path>
	<source>
		<database>Unknown</database>
	</source>
	<size>
		<width>1920</width>
		<height>1080</height>
		<depth>3</depth>
	</size>
	<segmented>0</segmented>
	<object>
		<name>merhaba</name>
		<pose>Unspecified</pose>
		<truncated>0</truncated>
		<difficult>0</difficult>
		<bndbox>
			<xmin>1296</xmin>
			<ymin>382</ymin>
			<xmax>1689</xmax>
			<ymax>570</ymax>
		</bndbox>
	</object>
</annotation>
