<annotation>
	<folder>merhaba</folder>
	<filename>merhaba.30f8ca60-0704-11ef-8e2a-46b8fb72e16c.jpg</filename>
	<path>/Users/iremoztimur/Projects/SignLanguageDetection/collectedimages/merhaba/merhaba.30f8ca60-0704-11ef-8e2a-46b8fb72e16c.jpg</path>
	<source>
		<database>Unknown</database>
	</source>
	<size>
		<width>1920</width>
		<height>1080</height>
		<depth>3</depth>
	</size>
	<segmented>0</segmented>
	<object>
		<name>merhaba</name>
		<pose>Unspecified</pose>
		<truncated>0</truncated>
		<difficult>0</difficult>
		<bndbox>
			<xmin>256</xmin>
			<ymin>345</ymin>
			<xmax>793</xmax>
			<ymax>511</ymax>
		</bndbox>
	</object>
</annotation>
