<annotation>
	<folder>turk</folder>
	<filename>turk.8cb87b74-0705-11ef-beef-46b8fb72e16c.jpg</filename>
	<path>/Users/iremoztimur/Projects/SignLanguageDetection/collectedimages/turk/turk.8cb87b74-0705-11ef-beef-46b8fb72e16c.jpg</path>
	<source>
		<database>Unknown</database>
	</source>
	<size>
		<width>1920</width>
		<height>1080</height>
		<depth>3</depth>
	</size>
	<segmented>0</segmented>
	<object>
		<name>turk</name>
		<pose>Unspecified</pose>
		<truncated>0</truncated>
		<difficult>0</difficult>
		<bndbox>
			<xmin>1304</xmin>
			<ymin>369</ymin>
			<xmax>1818</xmax>
			<ymax>755</ymax>
		</bndbox>
	</object>
</annotation>
